{"accuracy": [0.8977543711662292, 0.9296701550483704, 0.9320555925369263, 0.94266676902771, 0.9472731947898865, 0.9473554491996765, 0.9480134844779968, 0.9508102536201477, 0.9522085785865784, 0.9513037800788879, 0.9562392234802246, 0.9558278918266296, 0.9589536786079407, 0.9558278918266296, 0.9610100984573364, 0.9610100984573364, 0.9597762823104858, 0.960023045539856, 0.9606810808181763, 0.9608455896377563, 0.9635601043701172, 0.9616681933403015, 0.963148832321167, 0.9619149565696716, 0.9604343175888062, 0.962655246257782, 0.9643826484680176, 0.9633133411407471, 0.963148832321167, 0.9648761749267578, 0.9610100984573364, 0.9656165242195129, 0.9651229977607727, 0.9642181396484375, 0.965698778629303, 0.9656165242195129, 0.9664390683174133, 0.9670149087905884, 0.9677551984786987, 0.9666858315467834, 0.9648761749267578, 0.9663568139076233, 0.9679197072982788, 0.9690713286399841, 0.9675906896591187, 0.9675906896591187, 0.9676729440689087, 0.9666035771369934, 0.968742311000824, 0.9702228903770447, 0.9705519676208496, 0.9715390205383301, 0.9701406359672546, 0.9699761271476746, 0.9685778021812439, 0.9674261808395386, 0.9689890742301941, 0.9702228903770447, 0.9703874588012695, 0.9748293161392212, 0.968330979347229, 0.9732664227485657, 0.9731019139289856, 0.9734309315681458, 0.9704697132110596, 0.9730196595191956, 0.9726906418800354, 0.9723616242408752, 0.9731841683387756, 0.9750760793685913, 0.9735954403877258, 0.9721971154212952, 0.9721971154212952, 0.9734309315681458, 0.9735131859779358, 0.9742535352706909], "loss": [0.09809184819459915, 0.06769222021102905, 0.06579636037349701, 0.05406391993165016, 0.051539432257413864, 0.04852430894970894, 0.048257146030664444, 0.04485916346311569, 0.04330144450068474, 0.0446428619325161, 0.040759507566690445, 0.03941978141665459, 0.03893798589706421, 0.03875860571861267, 0.03486614674329758, 0.03681687265634537, 0.036115340888500214, 0.03479309007525444, 0.03539343550801277, 0.0325700119137764, 0.03218255937099457, 0.034973133355379105, 0.0328521728515625, 0.03300496190786362, 0.034905970096588135, 0.03291996568441391, 0.03135557845234871, 0.03134715557098389, 0.030362918972969055, 0.030527764931321144, 0.03079933114349842, 0.028456149622797966, 0.029277004301548004, 0.028409084305167198, 0.02896394021809101, 0.029486464336514473, 0.029885191470384598, 0.026392824947834015, 0.027330728247761726, 0.028564438223838806, 0.029706204310059547, 0.026789043098688126, 0.026539448648691177, 0.027193905785679817, 0.026615839451551437, 0.025657469406723976, 0.025460559874773026, 0.027267849072813988, 0.024137157946825027, 0.02420683763921261, 0.023092634975910187, 0.023291556164622307, 0.02436298318207264, 0.023697184398770332, 0.023219391703605652, 0.023439353331923485, 0.022910600528120995, 0.022592876106500626, 0.02170899137854576, 0.020144447684288025, 0.022251371294260025, 0.019443411380052567, 0.020351862534880638, 0.0218390803784132, 0.02089468017220497, 0.020641062408685684, 0.020189732313156128, 0.021273761987686157, 0.02019924856722355, 0.019903523847460747, 0.01923246681690216, 0.01912860758602619, 0.019820164889097214, 0.01946459710597992, 0.018662532791495323, 0.019290678203105927], "val_accuracy": [0.7990543842315674, 0.9273049831390381, 0.9308510422706604, 0.9255319237709045, 0.9290780425071716, 0.9403073191642761, 0.9343971610069275, 0.9426714181900024, 0.9332151412963867, 0.9397163391113281, 0.9373522400856018, 0.9503546357154846, 0.9473995566368103, 0.9485815763473511, 0.9509456157684326, 0.9473995566368103, 0.9509456157684326, 0.9462174773216248, 0.9479905366897583, 0.9497635960578918, 0.9491725564002991, 0.9462174773216248, 0.9491725564002991, 0.9479905366897583, 0.9497635960578918, 0.9497635960578918, 0.9503546357154846, 0.9503546357154846, 0.9550827145576477, 0.9515366554260254, 0.9533097147941589, 0.9562647938728333, 0.9509456157684326, 0.9497635960578918, 0.9539006948471069, 0.9544917345046997, 0.9550827145576477, 0.9550827145576477, 0.9509456157684326, 0.9544917345046997, 0.9556737542152405, 0.9556737542152405, 0.9556737542152405, 0.9527186751365662, 0.9527186751365662, 0.9527186751365662, 0.9521276354789734, 0.9544917345046997, 0.9539006948471069, 0.9533097147941589, 0.9539006948471069, 0.957446813583374, 0.9580378532409668, 0.9497635960578918, 0.9515366554260254, 0.9568557739257812, 0.9533097147941589, 0.9568557739257812, 0.9562647938728333, 0.9539006948471069, 0.9568557739257812, 0.9533097147941589, 0.9527186751365662, 0.9550827145576477, 0.9515366554260254, 0.9592198729515076, 0.9550827145576477, 0.9544917345046997, 0.9556737542152405, 0.9544917345046997, 0.9562647938728333, 0.9580378532409668, 0.9527186751365662, 0.9562647938728333, 0.9550827145576477, 0.9556737542152405], "val_loss": [0.21806156635284424, 0.08414218574762344, 0.08820617944002151, 0.10538871586322784, 0.07528455555438995, 0.08265858143568039, 0.07063207030296326, 0.07969726622104645, 0.0808587521314621, 0.07993882894515991, 0.07163311541080475, 0.0706322193145752, 0.07027555257081985, 0.07204926013946533, 0.07144667208194733, 0.06783479452133179, 0.08209630101919174, 0.08349592238664627, 0.0708877220749855, 0.07857757061719894, 0.0846165120601654, 0.08526045083999634, 0.07281957566738129, 0.06378407031297684, 0.07416955381631851, 0.06081998348236084, 0.08445288985967636, 0.06036147475242615, 0.05553083121776581, 0.07604937255382538, 0.05884496495127678, 0.061776552349328995, 0.06174740940332413, 0.06836333870887756, 0.05508136376738548, 0.05787079408764839, 0.05490551143884659, 0.07188667356967926, 0.06716449558734894, 0.05676259100437164, 0.05470423772931099, 0.06860322505235672, 0.058136437088251114, 0.07273705303668976, 0.05953602120280266, 0.0629943385720253, 0.0594959519803524, 0.07326463609933853, 0.06324733048677444, 0.05320913344621658, 0.04865490272641182, 0.06285665184259415, 0.06115606054663658, 0.06209495663642883, 0.06065596640110016, 0.058086905628442764, 0.05233237147331238, 0.054856617003679276, 0.0632275640964508, 0.0658133327960968, 0.050279099494218826, 0.060457900166511536, 0.059334106743335724, 0.06813913583755493, 0.06285291910171509, 0.05674167349934578, 0.07751041650772095, 0.07663331180810928, 0.06486044824123383, 0.05815426632761955, 0.06271634995937347, 0.06636810302734375, 0.06290856748819351, 0.0505007766187191, 0.055461667478084564, 0.07296822220087051]}